,ID,E_Brent,C_polimero,PPM,Costo_Kw_hr,reg_f,BE_F
0,0,21,2.5,650,244,0,46.90709553
1,1,21,3.2,650,244,0,50.09057487
2,2,21,3.9,650,244,0,53.15457107
3,3,21,4.6,650,244,0,56.30778687
4,4,21,5.3,650,244,0,59.26780278
5,5,21,2.5,650,244,1,51.5808401
6,6,21,3.2,650,244,1,54.95824522
7,7,21,3.9,650,244,1,58.46085219
8,8,21,4.6,650,244,1,61.7283139
9,9,21,5.3,650,244,1,65.29773631
