,ID,E_Brent,C_polimero,PPM,Costo_Kw_hr,reg_f,BE_F
0,0,20,2.5,450,244,0,32.34277281
1,1,20,3.2,450,244,0,34.01205922
2,2,20,3.9,450,244,0,35.68134564
3,3,20,4.6,450,244,0,37.49367694
4,4,20,5.3,450,244,0,39.18739804
5,5,20,2.5,450,244,1,35.72959603
6,6,20,3.2,450,244,1,37.59489612
7,7,20,3.9,450,244,1,39.62070538
8,8,20,4.6,450,244,1,41.50768185
9,9,20,5.3,450,244,1,43.38670366
