,ID,E_Brent,reg_f,fixed_costs,Oil,Gas_Prod,Gross_Fluid,Water_Injected,Producer_Well,Water_Injection_Well,total_opex,Perforacion,Facilidades,Abandono,total_capex,VPN_Total,volumen_T_LE_p,Payout,opex_ing_p,capex_ing_p,impuesto_ing_p,ingreso_ing_p,abandono_ing_p,opex_ing_b,capex_ing_b,impuesto_ing_b,ingreso_ing_b,abandono_ing_b
0,0,55,0,351029.4,0,0,117866.2324,2611.466,146270.88,6219,623996.9784,0,0,6007.8,6007.8,134151.2337,8080.451920465438,4.0,90786.8032,0,50243.0926,277853.3829,2672.2534,104629.0044,0,69931.3993,356259.803,2429.3213
1,1,55,1,351029.4,0,0,117866.2324,2611.466,146270.88,6219,623996.9784,0,0,6007.8,6007.8,109166.6747,7052.364216988194,4.0,90786.8032,0,39858.8518,242484.5831,2672.2534,98227.3841,0,56138.1232,304773.9873,2672.2534
