,ID,E_Brent,C_polimero,PPM,Costo_Kw_hr,reg_f,BE_F
0,0,21,2.5,550,244,0,45.10759294
1,1,21,3.2,550,244,0,47.86415069
2,2,21,3.9,550,244,0,50.53566676
3,3,21,4.6,550,244,0,53.12093038
4,4,21,5.3,550,244,0,55.81319718
5,5,21,2.5,550,244,1,49.66819092
6,6,21,3.2,550,244,1,52.59320417
7,7,21,3.9,550,244,1,55.42980454
8,8,21,4.6,550,244,1,58.42597551
9,9,21,5.3,550,244,1,61.19285193
