,ID,E_Brent,C_polimero,PPM,Costo_Kw_hr,reg_f,piloto,D_G,D_GSW,BE_F
0,0,21,2.5,550,244,0,0,1,1,28.85250432
1,1,21,3.2,550,244,0,0,1,1,29.94513428
2,2,21,3.9,550,244,0,0,1,1,31.04132186
3,3,21,4.6,550,244,0,0,1,1,32.13765898
4,4,21,5.3,550,244,0,0,1,1,33.23915101
5,5,21,2.5,550,244,1,0,1,1,32.20239019
6,6,21,3.2,550,244,1,0,1,1,33.4504817
7,7,21,3.9,550,244,1,0,1,1,34.69906062
8,8,21,4.6,550,244,1,0,1,1,35.94798021
9,9,21,5.3,550,244,1,0,1,1,37.19086588
