,ID,E_Brent,C_polimero,PPM,Costo_Kw_hr,BE_F
0,0.0,21.0,2.5,700.0,244.0,30.50942210692863
1,1.0,21.0,3.2,700.0,244.0,32.41508731434353
2,2.0,21.0,3.9,700.0,244.0,34.320752520693375
3,3.0,21.0,4.6,700.0,244.0,36.22641773323659
4,4.0,21.0,5.3,700.0,244.0,38.132082913621296
