,ID,E_Brent,C_polimero,PPM,Costo_Kw_hr,reg_f,Oil,Gas_Prod,Gross_Fluid,Water_Injected,Producer_Well,Water_Injection_Well,total_opex,Perforacion,Facilidades,Abandono,total_capex,VPN_Total,volumen_T_LE_p,Payout
0,0,50,3.2,350,244,0,342.3586,91.7073,0,68640.1185,0,4843.7185,73917.903,0,44940.4008,0,44940.4008,50805.9402,10514.454128586427,11.0
1,1,50,3.2,450,244,0,342.3586,91.7073,0,76671.2103,0,4843.7185,81948.9948,0,44940.4008,0,44940.4008,46140.6552,10514.454128586427,11.0
2,2,50,3.2,550,244,0,342.3586,91.7073,0,84702.3021,0,4843.7185,89980.0866,0,44940.4008,0,44940.4008,41412.3712,10514.454128586427,11.0
3,3,50,3.2,350,244,1,342.3586,91.7073,0,68640.1185,0,4843.7185,73917.903,0,44940.4008,0,44940.4008,36996.6755,9698.213610819505,11.0
4,4,50,3.2,450,244,1,342.3586,91.7073,0,76671.2103,0,4843.7185,81948.9948,0,44940.4008,0,44940.4008,32201.1868,9698.213610819505,12.0
5,5,50,3.2,550,244,1,342.3586,91.7073,0,84702.3021,0,4843.7185,89980.0866,0,44940.4008,0,44940.4008,27363.7127,9698.213610819505,12.0
