,ID,E_Brent,C_polimero,PPM,Costo_Kw_hr,BE_F
0,0.0,23.0,2.5,700.0,244.0,18.914785248838346
1,1.0,23.0,3.2,700.0,244.0,19.559380245268198
2,2.0,23.0,3.9,700.0,244.0,20.203975314538525
3,3.0,23.0,4.6,700.0,244.0,20.848570317929997
4,4.0,23.0,5.3,700.0,244.0,21.493313094192303
