,ID,E_Brent,C_polimero,PPM,Costo_Kw_hr,reg_f,piloto,D_G,D_GSW,BE_F
0,0,23,2.5,550,244,0,0,1,1,26.27645083
1,1,23,3.2,550,244,0,0,1,1,27.02394348
2,2,23,3.9,550,244,0,0,1,1,27.77143616
3,3,23,4.6,550,244,0,0,1,1,28.51892877
4,4,23,5.3,550,244,0,0,1,1,30.88201039
5,5,23,2.5,550,244,1,0,1,1,30.97121065
6,6,23,3.2,550,244,1,0,1,1,31.85715397
7,7,23,3.9,550,244,1,0,1,1,32.74321206
8,8,23,4.6,550,244,1,0,1,1,33.63127803
9,9,23,5.3,550,244,1,0,1,1,34.51975842
