,ID,E_Brent,C_polimero,PPM,Costo_Kw_hr,reg_f,BE_F
0,0.0,23.0,2.5,450.0,244.0,0.0,23.0
1,1.0,23.0,3.2,450.0,244.0,0.0,23.0
2,2.0,23.0,3.9,450.0,244.0,0.0,23.0
3,3.0,23.0,4.6,450.0,244.0,0.0,23.0
4,4.0,23.0,5.3,450.0,244.0,0.0,23.0
5,5.0,23.0,2.5,450.0,244.0,1.0,35.72959602956496
6,6.0,23.0,3.2,450.0,244.0,1.0,37.594896107185285
7,7.0,23.0,3.9,450.0,244.0,1.0,39.460196209494526
8,8.0,23.0,4.6,450.0,244.0,1.0,-313.58780044334225
9,9.0,23.0,5.3,450.0,244.0,1.0,-451.69956579568975
