,ID,E_Brent,reg_f,fixed_costs,Oil,Gas_Prod,Gross_Fluid,Water_Injected,Producer_Well,Water_Injection_Well,total_opex,Perforacion,Facilidades,Abandono,total_capex,VPN_Total,volumen_T_LE_p,Payout
0,0,55,0,351029.4,0,0,117866.2324,2611.466,146270.88,6219,623996.9784,0,0,0,0,136889.5269,8022.906988807315,4.0
1,1,55,1,351029.4,0,0,117866.2324,2611.466,146270.88,6219,623996.9784,0,0,0,0,112244.5224,7002.144646304429,4.0
