,ID,E_Brent,C_polimero,PPM,Costo_Kw_hr,reg_f,Oil,Gas_Prod,Gross_Fluid,Water_Injected,Producer_Well,Water_Injection_Well,total_opex,Perforacion,Facilidades,Abandono,total_capex,VPN_Total,volumen_T_LE_p,Payout
0,0,50,3.2,150,244,0,68.278,27.983,0,8045.1254,0,857.928,8999.3144,0,4986.1,0,4986.1,23351.665,2143.8814248022063,7.0
1,1,50,3.2,350,244,0,68.278,27.983,0,8975.7302,0,857.928,9929.9192,0,4986.1,0,4986.1,22804.327,2143.8814248022063,7.0
2,2,50,3.2,550,244,0,68.278,27.983,0,9906.3349,0,857.928,10860.5239,0,4986.1,0,4986.1,22251.637,2143.8814248022063,7.0
3,3,50,3.2,750,244,0,68.278,27.983,0,10836.9397,0,857.928,11791.1287,0,4986.1,0,4986.1,21693.3207,2143.8814248022063,8.0
4,4,50,3.2,150,244,1,68.278,27.983,0,8045.1254,0,857.928,8999.3144,0,4986.1,0,4986.1,19085.4552,1864.2447172193097,8.0
5,5,50,3.2,350,244,1,68.278,27.983,0,8975.7302,0,857.928,9929.9192,0,4986.1,0,4986.1,18527.1389,1864.2447172193097,8.0
6,6,50,3.2,550,244,1,68.278,27.983,0,9906.3349,0,857.928,10860.5239,0,4986.1,0,4986.1,17968.8225,1864.2447172193097,8.0
7,7,50,3.2,750,244,1,68.278,27.983,0,10836.9397,0,857.928,11791.1287,0,4986.1,0,4986.1,17410.5061,1864.2447172193097,8.0
