,ID,E_Brent,C_polimero,PPM,Costo_Kw_hr,reg_f,piloto,D_G,D_GSW,BE_F
0,0,23,2.5,550,244,0,0,1,1,26.15602784
1,1,23,3.2,550,244,0,0,1,1,26.89806289
2,2,23,3.9,550,244,0,0,1,1,27.64009788
3,3,23,4.6,550,244,0,0,1,1,28.38213293
4,4,23,5.3,550,244,0,0,1,1,30.71746135
